{
  "source": "./src/services",
  "destination": "./esdoc",
  "test": {
    "type": "mocha",
    "source": "./test",
    "includes": ["\\.js$"]
  },
  "title": "Frog Turnkey UI",
  "access": ["public", "protected", "private"],
  "autoPrivate": true,
  "unexportIdentifier": true,
  "undocumentIdentifier": true,
  "builtinExternal": true,
  "manual": {
    "tutorial": ["./doc/howtos/HelloWorld.rst"],
    "changelog": ["./CHANGELOG"]
  },
  "plugins": [
    {"name": "esdoc-es7-plugin"},
    {
      "name": "esdoc-alias-plugin",
      "option": {
        "replaces": [
          {"from": "^app/", "to": "src/app/"},
          {"from": "^services/", "to": "src/services/"},
          {"from": "^utils/", "to": "src/utils/"},
          {"from": "^widgets/", "to": "src/widgets/"},
          {"from": "^locales/", "to": "src/locales/"},
          {"from": "^assets/", "to": "src/app/assets/"}
        ]
      }
    },
    {
      "name": "esdoc-importpath-plugin",
      "option": {
        "replaces": [
          {"from": "^src/app", "to": "app"},
          {"from": "^src/services/", "to": "services"},
          {"from": "^src/utils/", "to": "utils"},
          {"from": "^src/widgets/", "to": "widgets"},
          {"from": "^src/locales", "to": "locales"},
          {"from": "^src/app/assets", "to": "assets"},
          {"from": "\\.js$", "to": ""}
        ]
      }
    }
  ],
  "lint": true
}
